name,attack,against_bug,against_dark,against_dragon,against_electric,against_fairy,against_fight,against_fire,against_flying,against_ghost,against_grass,against_ground,against_ice,against_normal,against_poison,against_psychic,against_rock,against_steel,against_water
Bulbasaur,49,1,1,1,0.5,0.5,0.5,2,2,1,0.25,1,2,1,1,2,1,1,0.5
Ivysaur,62,1,1,1,0.5,0.5,0.5,2,2,1,0.25,1,2,1,1,2,1,1,0.5
Venusaur,100,1,1,1,0.5,0.5,0.5,2,2,1,0.25,1,2,1,1,2,1,1,0.5
Charmander,52,0.5,1,1,1,0.5,1,0.5,1,1,0.5,2,0.5,1,1,1,2,0.5,2
Charmeleon,64,0.5,1,1,1,0.5,1,0.5,1,1,0.5,2,0.5,1,1,1,2,0.5,2
Charizard,104,0.25,1,1,2,0.5,0.5,0.5,1,1,0.25,0,1,1,1,1,4,0.5,2
Squirtle,48,1,1,1,2,1,1,0.5,1,1,2,1,0.5,1,1,1,1,0.5,0.5
Wartortle,63,1,1,1,2,1,1,0.5,1,1,2,1,0.5,1,1,1,1,0.5,0.5
Blastoise,103,1,1,1,2,1,1,0.5,1,1,2,1,0.5,1,1,1,1,0.5,0.5
Caterpie,30,1,1,1,1,1,0.5,2,2,1,0.5,0.5,1,1,1,1,2,1,1
Metapod,20,1,1,1,1,1,0.5,2,2,1,0.5,0.5,1,1,1,1,2,1,1
Butterfree,45,0.5,1,1,2,1,0.25,2,2,1,0.25,0,2,1,1,1,4,1,1
Weedle,35,0.5,1,1,1,0.5,0.25,2,2,1,0.25,1,1,1,0.5,2,2,1,1
Kakuna,25,0.5,1,1,1,0.5,0.25,2,2,1,0.25,1,1,1,0.5,2,2,1,1
Beedrill,150,0.5,1,1,1,0.5,0.25,2,2,1,0.25,1,1,1,0.5,2,2,1,1
Pidgey,45,0.5,1,1,2,1,1,1,1,0,0.5,0,2,1,1,1,2,1,1
Pidgeotto,60,0.5,1,1,2,1,1,1,1,0,0.5,0,2,1,1,1,2,1,1
Pidgeot,80,0.5,1,1,2,1,1,1,1,0,0.5,0,2,1,1,1,2,1,1
Rattata,56,1,1,1,1,1,2,1,1,0,1,1,1,1,1,1,1,1,1
Raticate,71,1,1,1,1,1,2,1,1,0,1,1,1,1,1,1,1,1,1
Spearow,60,0.5,1,1,2,1,1,1,1,0,0.5,0,2,1,1,1,2,1,1
Fearow,90,0.5,1,1,2,1,1,1,1,0,0.5,0,2,1,1,1,2,1,1
Ekans,60,0.5,1,1,1,0.5,0.5,1,1,1,0.5,2,1,1,0.5,2,1,1,1
Arbok,95,0.5,1,1,1,0.5,0.5,1,1,1,0.5,2,1,1,0.5,2,1,1,1
Pikachu,55,1,1,1,0.5,1,1,1,0.5,1,1,2,1,1,1,1,1,0.5,1
Raichu,85,1,1,1,0.5,1,1,1,0.5,1,1,2,1,1,1,1,1,0.5,1
Sandshrew,75,1,1,1,0,1,1,1,1,1,2,1,2,1,0.5,1,0.5,1,2
Sandslash,100,1,1,1,0,1,1,1,1,1,2,1,2,1,0.5,1,0.5,1,2
Nidoran♀,47,0.5,1,1,1,0.5,0.5,1,1,1,0.5,2,1,1,0.5,2,1,1,1
Nidorina,62,0.5,1,1,1,0.5,0.5,1,1,1,0.5,2,1,1,0.5,2,1,1,1
Nidoqueen,92,0.5,1,1,0,0.5,0.5,1,1,1,1,2,2,1,0.25,2,0.5,1,2
Nidoran♂,57,0.5,1,1,1,0.5,0.5,1,1,1,0.5,2,1,1,0.5,2,1,1,1
Nidorino,72,0.5,1,1,1,0.5,0.5,1,1,1,0.5,2,1,1,0.5,2,1,1,1
Nidoking,102,0.5,1,1,0,0.5,0.5,1,1,1,1,2,2,1,0.25,2,0.5,1,2
Clefairy,45,0.5,0.5,0,1,1,0.5,1,1,1,1,1,1,1,2,1,1,2,1
Clefable,70,0.5,0.5,0,1,1,0.5,1,1,1,1,1,1,1,2,1,1,2,1
Vulpix,41,0.5,1,1,1,0.5,1,0.5,1,1,0.5,2,0.5,1,1,1,2,0.5,2
Ninetales,67,0.5,1,1,1,0.5,1,0.5,1,1,0.5,2,0.5,1,1,1,2,0.5,2
Jigglypuff,45,0.5,0.5,0,1,1,1,1,1,0,1,1,1,1,2,1,1,2,1
Wigglytuff,70,0.5,0.5,0,1,1,1,1,1,0,1,1,1,1,2,1,1,2,1
Zubat,45,0.25,1,1,2,0.5,0.25,1,1,1,0.25,0,2,1,0.5,2,2,1,1
Golbat,80,0.25,1,1,2,0.5,0.25,1,1,1,0.25,0,2,1,0.5,2,2,1,1
Oddish,50,1,1,1,0.5,0.5,0.5,2,2,1,0.25,1,2,1,1,2,1,1,0.5
Gloom,65,1,1,1,0.5,0.5,0.5,2,2,1,0.25,1,2,1,1,2,1,1,0.5
Vileplume,80,1,1,1,0.5,0.5,0.5,2,2,1,0.25,1,2,1,1,2,1,1,0.5
Paras,70,2,1,1,0.5,1,0.5,4,4,1,0.25,0.25,2,1,2,1,2,1,0.5
Parasect,95,2,1,1,0.5,1,0.5,4,4,1,0.25,0.25,2,1,2,1,2,1,0.5
Venonat,55,0.5,1,1,1,0.5,0.25,2,2,1,0.25,1,1,1,0.5,2,2,1,1
Venomoth,65,0.5,1,1,1,0.5,0.25,2,2,1,0.25,1,1,1,0.5,2,2,1,1
Diglett,55,1,1,1,0,1,1,1,1,1,2,1,2,1,0.5,1,0.5,1,2
Dugtrio,100,1,1,1,0,1,1,1,1,1,2,1,2,1,0.5,1,0.5,1,2
Meowth,35,1,1,1,1,1,2,1,1,0,1,1,1,1,1,1,1,1,1
Persian,60,1,1,1,1,1,2,1,1,0,1,1,1,1,1,1,1,1,1
Psyduck,52,1,1,1,2,1,1,0.5,1,1,2,1,0.5,1,1,1,1,0.5,0.5
Golduck,82,1,1,1,2,1,1,0.5,1,1,2,1,0.5,1,1,1,1,0.5,0.5
Mankey,80,0.5,0.5,1,1,2,1,1,2,1,1,1,1,1,1,2,0.5,1,1
Primeape,105,0.5,0.5,1,1,2,1,1,2,1,1,1,1,1,1,2,0.5,1,1
Growlithe,70,0.5,1,1,1,0.5,1,0.5,1,1,0.5,2,0.5,1,1,1,2,0.5,2
Arcanine,110,0.5,1,1,1,0.5,1,0.5,1,1,0.5,2,0.5,1,1,1,2,0.5,2
Poliwag,50,1,1,1,2,1,1,0.5,1,1,2,1,0.5,1,1,1,1,0.5,0.5
Poliwhirl,65,1,1,1,2,1,1,0.5,1,1,2,1,0.5,1,1,1,1,0.5,0.5
Poliwrath,95,0.5,0.5,1,2,2,1,0.5,2,1,2,1,0.5,1,1,2,0.5,0.5,0.5
Abra,20,2,2,1,1,1,0.5,1,1,2,1,1,1,1,1,0.5,1,1,1
Kadabra,35,2,2,1,1,1,0.5,1,1,2,1,1,1,1,1,0.5,1,1,1
Alakazam,50,2,2,1,1,1,0.5,1,1,2,1,1,1,1,1,0.5,1,1,1
Machop,80,0.5,0.5,1,1,2,1,1,2,1,1,1,1,1,1,2,0.5,1,1
Machoke,100,0.5,0.5,1,1,2,1,1,2,1,1,1,1,1,1,2,0.5,1,1
Machamp,130,0.5,0.5,1,1,2,1,1,2,1,1,1,1,1,1,2,0.5,1,1
Bellsprout,75,1,1,1,0.5,0.5,0.5,2,2,1,0.25,1,2,1,1,2,1,1,0.5
Weepinbell,90,1,1,1,0.5,0.5,0.5,2,2,1,0.25,1,2,1,1,2,1,1,0.5
Victreebel,105,1,1,1,0.5,0.5,0.5,2,2,1,0.25,1,2,1,1,2,1,1,0.5
Tentacool,40,0.5,1,1,2,0.5,0.5,0.5,1,1,1,2,0.5,1,0.5,2,1,0.5,0.5
Tentacruel,70,0.5,1,1,2,0.5,0.5,0.5,1,1,1,2,0.5,1,0.5,2,1,0.5,0.5
Geodude,80,1,1,1,0,1,2,0.5,0.5,1,4,2,2,0.5,0.25,1,0.5,2,4
Graveler,95,1,1,1,0,1,2,0.5,0.5,1,4,2,2,0.5,0.25,1,0.5,2,4
Golem,120,1,1,1,0,1,2,0.5,0.5,1,4,2,2,0.5,0.25,1,0.5,2,4
Ponyta,85,0.5,1,1,1,0.5,1,0.5,1,1,0.5,2,0.5,1,1,1,2,0.5,2
Rapidash,100,0.5,1,1,1,0.5,1,0.5,1,1,0.5,2,0.5,1,1,1,2,0.5,2
Slowpoke,65,2,2,1,2,1,0.5,0.5,1,2,2,1,0.5,1,1,0.5,1,0.5,0.5
Slowbro,75,2,2,1,2,1,0.5,0.5,1,2,2,1,0.5,1,1,0.5,1,0.5,0.5
Magnemite,35,0.5,1,0.5,0.5,0.5,2,2,0.25,1,0.5,4,0.5,0.5,0,0.5,0.5,0.25,1
Magneton,60,0.5,1,0.5,0.5,0.5,2,2,0.25,1,0.5,4,0.5,0.5,0,0.5,0.5,0.25,1
Farfetch'd,90,0.5,1,1,2,1,1,1,1,0,0.5,0,2,1,1,1,2,1,1
Doduo,85,0.5,1,1,2,1,1,1,1,0,0.5,0,2,1,1,1,2,1,1
Dodrio,110,0.5,1,1,2,1,1,1,1,0,0.5,0,2,1,1,1,2,1,1
Seel,45,1,1,1,2,1,1,0.5,1,1,2,1,0.5,1,1,1,1,0.5,0.5
Dewgong,70,1,1,1,2,1,2,1,1,1,2,1,0.25,1,1,1,2,1,0.5
Grimer,80,0.5,1,1,1,0.5,0.5,1,1,1,0.5,2,1,1,0.5,2,1,1,1
Muk,105,0.5,1,1,1,0.5,0.5,1,1,1,0.5,2,1,1,0.5,2,1,1,1
Shellder,65,1,1,1,2,1,1,0.5,1,1,2,1,0.5,1,1,1,1,0.5,0.5
Cloyster,95,1,1,1,2,1,2,1,1,1,2,1,0.25,1,1,1,2,1,0.5
Gastly,35,0.25,2,1,1,0.5,0,1,1,2,0.5,2,1,0,0.25,2,1,1,1
Haunter,50,0.25,2,1,1,0.5,0,1,1,2,0.5,2,1,0,0.25,2,1,1,1
Gengar,65,0.25,2,1,1,0.5,0,1,1,2,0.5,2,1,0,0.25,2,1,1,1
Onix,45,1,1,1,0,1,2,0.5,0.5,1,4,2,2,0.5,0.25,1,0.5,2,4
Drowzee,48,2,2,1,1,1,0.5,1,1,2,1,1,1,1,1,0.5,1,1,1
Hypno,73,2,2,1,1,1,0.5,1,1,2,1,1,1,1,1,0.5,1,1,1
Krabby,105,1,1,1,2,1,1,0.5,1,1,2,1,0.5,1,1,1,1,0.5,0.5
Kingler,130,1,1,1,2,1,1,0.5,1,1,2,1,0.5,1,1,1,1,0.5,0.5
Voltorb,30,1,1,1,0.5,1,1,1,0.5,1,1,2,1,1,1,1,1,0.5,1
Electrode,50,1,1,1,0.5,1,1,1,0.5,1,1,2,1,1,1,1,1,0.5,1
Exeggcute,40,4,2,1,0.5,1,0.5,2,2,2,0.5,0.5,2,1,2,0.5,1,1,0.5
Exeggutor,105,4,2,1,0.5,1,0.5,2,2,2,0.5,0.5,2,1,2,0.5,1,1,0.5
Cubone,50,1,1,1,0,1,1,1,1,1,2,1,2,1,0.5,1,0.5,1,2
Marowak,80,1,1,1,0,1,1,1,1,1,2,1,2,1,0.5,1,0.5,1,2
Hitmonlee,120,0.5,0.5,1,1,2,1,1,2,1,1,1,1,1,1,2,0.5,1,1
Hitmonchan,105,0.5,0.5,1,1,2,1,1,2,1,1,1,1,1,1,2,0.5,1,1
Lickitung,55,1,1,1,1,1,2,1,1,0,1,1,1,1,1,1,1,1,1
Koffing,65,0.5,1,1,1,0.5,0.5,1,1,1,0.5,2,1,1,0.5,2,1,1,1
Weezing,90,0.5,1,1,1,0.5,0.5,1,1,1,0.5,2,1,1,0.5,2,1,1,1
Rhyhorn,85,1,1,1,0,1,2,0.5,0.5,1,4,2,2,0.5,0.25,1,0.5,2,4
Rhydon,130,1,1,1,0,1,2,0.5,0.5,1,4,2,2,0.5,0.25,1,0.5,2,4
Chansey,5,1,1,1,1,1,2,1,1,0,1,1,1,1,1,1,1,1,1
Tangela,55,2,1,1,0.5,1,1,2,2,1,0.5,0.5,2,1,2,1,1,1,0.5
Kangaskhan,125,1,1,1,1,1,2,1,1,0,1,1,1,1,1,1,1,1,1
Horsea,40,1,1,1,2,1,1,0.5,1,1,2,1,0.5,1,1,1,1,0.5,0.5
Seadra,65,1,1,1,2,1,1,0.5,1,1,2,1,0.5,1,1,1,1,0.5,0.5
Goldeen,67,1,1,1,2,1,1,0.5,1,1,2,1,0.5,1,1,1,1,0.5,0.5
Seaking,92,1,1,1,2,1,1,0.5,1,1,2,1,0.5,1,1,1,1,0.5,0.5
Staryu,45,1,1,1,2,1,1,0.5,1,1,2,1,0.5,1,1,1,1,0.5,0.5
Starmie,75,2,2,1,2,1,0.5,0.5,1,2,2,1,0.5,1,1,0.5,1,0.5,0.5
Mr. Mime,45,1,1,0,1,1,0.25,1,1,2,1,1,1,1,2,0.5,1,2,1
Scyther,110,0.5,1,1,2,1,0.25,2,2,1,0.25,0,2,1,1,1,4,1,1
Jynx,50,2,2,1,1,1,1,2,1,2,1,1,0.5,1,1,0.5,2,2,1
Electabuzz,83,1,1,1,0.5,1,1,1,0.5,1,1,2,1,1,1,1,1,0.5,1
Magmar,95,0.5,1,1,1,0.5,1,0.5,1,1,0.5,2,0.5,1,1,1,2,0.5,2
Pinsir,155,1,1,1,1,1,0.5,2,2,1,0.5,0.5,1,1,1,1,2,1,1
Tauros,100,1,1,1,1,1,2,1,1,0,1,1,1,1,1,1,1,1,1
Magikarp,10,1,1,1,2,1,1,0.5,1,1,2,1,0.5,1,1,1,1,0.5,0.5
Gyarados,155,0.5,1,1,4,1,0.5,0.5,1,1,1,0,1,1,1,1,2,0.5,0.5
Lapras,85,1,1,1,2,1,2,1,1,1,2,1,0.25,1,1,1,2,1,0.5
Ditto,48,1,1,1,1,1,2,1,1,0,1,1,1,1,1,1,1,1,1
Eevee,55,1,1,1,1,1,2,1,1,0,1,1,1,1,1,1,1,1,1
Vaporeon,65,1,1,1,2,1,1,0.5,1,1,2,1,0.5,1,1,1,1,0.5,0.5
Jolteon,65,1,1,1,0.5,1,1,1,0.5,1,1,2,1,1,1,1,1,0.5,1
Flareon,130,0.5,1,1,1,0.5,1,0.5,1,1,0.5,2,0.5,1,1,1,2,0.5,2
Porygon,60,1,1,1,1,1,2,1,1,0,1,1,1,1,1,1,1,1,1
Omanyte,40,1,1,1,2,1,2,0.25,0.5,1,4,2,0.5,0.5,0.5,1,1,1,1
Omastar,60,1,1,1,2,1,2,0.25,0.5,1,4,2,0.5,0.5,0.5,1,1,1,1
Kabuto,80,1,1,1,2,1,2,0.25,0.5,1,4,2,0.5,0.5,0.5,1,1,1,1
Kabutops,115,1,1,1,2,1,2,0.25,0.5,1,4,2,0.5,0.5,0.5,1,1,1,1
Aerodactyl,135,0.5,1,1,2,1,1,0.5,0.5,1,1,0,2,0.5,0.5,1,2,2,2
Snorlax,110,1,1,1,1,1,2,1,1,0,1,1,1,1,1,1,1,1,1
Articuno,85,0.5,1,1,2,1,1,2,1,1,0.5,0,1,1,1,1,4,2,1
Zapdos,90,0.5,1,1,1,1,0.5,1,0.5,1,0.5,0,2,1,1,1,2,0.5,1
Moltres,100,0.25,1,1,2,0.5,0.5,0.5,1,1,0.25,0,1,1,1,1,4,0.5,2
Dratini,64,1,1,2,0.5,2,1,0.5,1,1,0.5,1,2,1,1,1,1,1,0.5
Dragonair,84,1,1,2,0.5,2,1,0.5,1,1,0.5,1,2,1,1,1,1,1,0.5
Dragonite,134,0.5,1,2,1,2,0.5,0.5,1,1,0.25,0,4,1,1,1,2,1,0.5
Mewtwo,150,2,2,1,1,1,0.5,1,1,2,1,1,1,1,1,0.5,1,1,1
Mew,100,2,2,1,1,1,0.5,1,1,2,1,1,1,1,1,0.5,1,1,1
Chikorita,49,2,1,1,0.5,1,1,2,2,1,0.5,0.5,2,1,2,1,1,1,0.5
Bayleef,62,2,1,1,0.5,1,1,2,2,1,0.5,0.5,2,1,2,1,1,1,0.5
Meganium,82,2,1,1,0.5,1,1,2,2,1,0.5,0.5,2,1,2,1,1,1,0.5
Cyndaquil,52,0.5,1,1,1,0.5,1,0.5,1,1,0.5,2,0.5,1,1,1,2,0.5,2
Quilava,64,0.5,1,1,1,0.5,1,0.5,1,1,0.5,2,0.5,1,1,1,2,0.5,2
Typhlosion,84,0.5,1,1,1,0.5,1,0.5,1,1,0.5,2,0.5,1,1,1,2,0.5,2
Totodile,65,1,1,1,2,1,1,0.5,1,1,2,1,0.5,1,1,1,1,0.5,0.5
Croconaw,80,1,1,1,2,1,1,0.5,1,1,2,1,0.5,1,1,1,1,0.5,0.5
Feraligatr,105,1,1,1,2,1,1,0.5,1,1,2,1,0.5,1,1,1,1,0.5,0.5
Sentret,46,1,1,1,1,1,2,1,1,0,1,1,1,1,1,1,1,1,1
Furret,76,1,1,1,1,1,2,1,1,0,1,1,1,1,1,1,1,1,1
Hoothoot,30,0.5,1,1,2,1,1,1,1,0,0.5,0,2,1,1,1,2,1,1
Noctowl,50,0.5,1,1,2,1,1,1,1,0,0.5,0,2,1,1,1,2,1,1
Ledyba,20,0.5,1,1,2,1,0.25,2,2,1,0.25,0,2,1,1,1,4,1,1
Ledian,35,0.5,1,1,2,1,0.25,2,2,1,0.25,0,2,1,1,1,4,1,1
Spinarak,60,0.5,1,1,1,0.5,0.25,2,2,1,0.25,1,1,1,0.5,2,2,1,1
Ariados,90,0.5,1,1,1,0.5,0.25,2,2,1,0.25,1,1,1,0.5,2,2,1,1
Crobat,90,0.25,1,1,2,0.5,0.25,1,1,1,0.25,0,2,1,0.5,2,2,1,1
Chinchou,38,1,1,1,1,1,1,0.5,0.5,1,2,2,0.5,1,1,1,1,0.25,0.5
Lanturn,58,1,1,1,1,1,1,0.5,0.5,1,2,2,0.5,1,1,1,1,0.25,0.5
Pichu,40,1,1,1,0.5,1,1,1,0.5,1,1,2,1,1,1,1,1,0.5,1
Cleffa,25,0.5,0.5,0,1,1,0.5,1,1,1,1,1,1,1,2,1,1,2,1
Igglybuff,30,0.5,0.5,0,1,1,1,1,1,0,1,1,1,1,2,1,1,2,1
Togepi,20,0.5,0.5,0,1,1,0.5,1,1,1,1,1,1,1,2,1,1,2,1
Togetic,40,0.25,0.5,0,2,1,0.25,1,1,1,0.5,0,2,1,2,1,2,2,1
Natu,50,1,2,1,2,1,0.25,1,1,2,0.5,0,2,1,1,0.5,2,1,1
Xatu,75,1,2,1,2,1,0.25,1,1,2,0.5,0,2,1,1,0.5,2,1,1
Mareep,40,1,1,1,0.5,1,1,1,0.5,1,1,2,1,1,1,1,1,0.5,1
Flaaffy,55,1,1,1,0.5,1,1,1,0.5,1,1,2,1,1,1,1,1,0.5,1
Ampharos,95,1,1,1,0.5,1,1,1,0.5,1,1,2,1,1,1,1,1,0.5,1
Bellossom,80,2,1,1,0.5,1,1,2,2,1,0.5,0.5,2,1,2,1,1,1,0.5
Marill,20,0.5,0.5,0,2,1,0.5,0.5,1,1,2,1,0.5,1,2,1,1,1,0.5
Azumarill,50,0.5,0.5,0,2,1,0.5,0.5,1,1,2,1,0.5,1,2,1,1,1,0.5
Sudowoodo,100,1,1,1,1,1,2,0.5,0.5,1,2,2,1,0.5,0.5,1,1,2,2
Politoed,75,1,1,1,2,1,1,0.5,1,1,2,1,0.5,1,1,1,1,0.5,0.5
Hoppip,35,1,1,1,1,1,0.5,2,2,1,0.25,0,4,1,2,1,2,1,0.5
Skiploom,45,1,1,1,1,1,0.5,2,2,1,0.25,0,4,1,2,1,2,1,0.5
Jumpluff,55,1,1,1,1,1,0.5,2,2,1,0.25,0,4,1,2,1,2,1,0.5
Aipom,70,1,1,1,1,1,2,1,1,0,1,1,1,1,1,1,1,1,1
Sunkern,30,2,1,1,0.5,1,1,2,2,1,0.5,0.5,2,1,2,1,1,1,0.5
Sunflora,75,2,1,1,0.5,1,1,2,2,1,0.5,0.5,2,1,2,1,1,1,0.5
Yanma,65,0.5,1,1,2,1,0.25,2,2,1,0.25,0,2,1,1,1,4,1,1
Wooper,45,1,1,1,0,1,1,0.5,1,1,4,1,1,1,0.5,1,0.5,0.5,1
Quagsire,85,1,1,1,0,1,1,0.5,1,1,4,1,1,1,0.5,1,0.5,0.5,1
Espeon,65,2,2,1,1,1,0.5,1,1,2,1,1,1,1,1,0.5,1,1,1
Umbreon,65,2,0.5,1,1,2,2,1,1,0.5,1,1,1,1,1,0,1,1,1
Murkrow,85,1,0.5,1,2,2,1,1,1,0.5,0.5,0,2,1,1,0,2,1,1
Slowking,75,2,2,1,2,1,0.5,0.5,1,2,2,1,0.5,1,1,0.5,1,0.5,0.5
Misdreavus,60,0.5,2,1,1,1,0,1,1,2,1,1,1,0,0.5,1,1,1,1
Unown,72,2,2,1,1,1,0.5,1,1,2,1,1,1,1,1,0.5,1,1,1
Wobbuffet,33,2,2,1,1,1,0.5,1,1,2,1,1,1,1,1,0.5,1,1,1
Girafarig,80,2,2,1,1,1,1,1,1,0,1,1,1,1,1,0.5,1,1,1
Pineco,65,1,1,1,1,1,0.5,2,2,1,0.5,0.5,1,1,1,1,2,1,1
Forretress,90,0.5,1,0.5,1,0.5,1,4,1,1,0.25,1,0.5,0.5,0,0.5,1,0.5,1
Dunsparce,70,1,1,1,1,1,2,1,1,0,1,1,1,1,1,1,1,1,1
Gligar,75,0.5,1,1,0,1,0.5,1,1,1,1,0,4,1,0.5,1,1,1,2
Steelix,125,0.5,1,0.5,0,0.5,2,2,0.5,1,1,2,1,0.5,0,0.5,0.25,0.5,2
Snubbull,80,0.5,0.5,0,1,1,0.5,1,1,1,1,1,1,1,2,1,1,2,1
Granbull,120,0.5,0.5,0,1,1,0.5,1,1,1,1,1,1,1,2,1,1,2,1
Qwilfish,95,0.5,1,1,2,0.5,0.5,0.5,1,1,1,2,0.5,1,0.5,2,1,0.5,0.5
Scizor,150,0.5,1,0.5,1,0.5,1,4,1,1,0.25,1,0.5,0.5,0,0.5,1,0.5,1
Shuckle,10,1,1,1,1,1,1,1,1,1,1,1,1,0.5,0.5,1,2,2,2
Heracross,185,0.5,0.5,1,1,2,0.5,2,4,1,0.5,0.5,1,1,1,2,1,1,1
Sneasel,95,2,0.5,1,1,2,4,2,1,0.5,1,1,0.5,1,1,0,2,2,1
Teddiursa,80,1,1,1,1,1,2,1,1,0,1,1,1,1,1,1,1,1,1
Ursaring,130,1,1,1,1,1,2,1,1,0,1,1,1,1,1,1,1,1,1
Slugma,40,0.5,1,1,1,0.5,1,0.5,1,1,0.5,2,0.5,1,1,1,2,0.5,2
Magcargo,50,0.5,1,1,1,0.5,2,0.25,0.5,1,1,4,0.5,0.5,0.5,1,2,1,4
Swinub,50,1,1,1,0,1,2,2,1,1,2,1,1,1,0.5,1,1,2,2
Piloswine,100,1,1,1,0,1,2,2,1,1,2,1,1,1,0.5,1,1,2,2
Corsola,55,1,1,1,2,1,2,0.25,0.5,1,4,2,0.5,0.5,0.5,1,1,1,1
Remoraid,65,1,1,1,2,1,1,0.5,1,1,2,1,0.5,1,1,1,1,0.5,0.5
Octillery,105,1,1,1,2,1,1,0.5,1,1,2,1,0.5,1,1,1,1,0.5,0.5
Delibird,55,0.5,1,1,2,1,1,2,1,1,0.5,0,1,1,1,1,4,2,1
Mantine,40,0.5,1,1,4,1,0.5,0.5,1,1,1,0,1,1,1,1,2,0.5,0.5
Skarmory,80,0.25,1,0.5,2,0.5,1,2,0.5,1,0.25,0,1,0.5,0,0.5,1,0.5,1
Houndour,60,1,0.5,1,1,1,2,0.5,1,0.5,0.5,2,0.5,1,1,0,2,0.5,2
Houndoom,90,1,0.5,1,1,1,2,0.5,1,0.5,0.5,2,0.5,1,1,0,2,0.5,2
Kingdra,95,1,1,2,1,2,1,0.25,1,1,1,1,1,1,1,1,1,0.5,0.25
Phanpy,60,1,1,1,0,1,1,1,1,1,2,1,2,1,0.5,1,0.5,1,2
Donphan,120,1,1,1,0,1,1,1,1,1,2,1,2,1,0.5,1,0.5,1,2
Porygon2,80,1,1,1,1,1,2,1,1,0,1,1,1,1,1,1,1,1,1
Stantler,95,1,1,1,1,1,2,1,1,0,1,1,1,1,1,1,1,1,1
Smeargle,20,1,1,1,1,1,2,1,1,0,1,1,1,1,1,1,1,1,1
Tyrogue,35,0.5,0.5,1,1,2,1,1,2,1,1,1,1,1,1,2,0.5,1,1
Hitmontop,95,0.5,0.5,1,1,2,1,1,2,1,1,1,1,1,1,2,0.5,1,1
Smoochum,30,2,2,1,1,1,1,2,1,2,1,1,0.5,1,1,0.5,2,2,1
Elekid,63,1,1,1,0.5,1,1,1,0.5,1,1,2,1,1,1,1,1,0.5,1
Magby,75,0.5,1,1,1,0.5,1,0.5,1,1,0.5,2,0.5,1,1,1,2,0.5,2
Miltank,80,1,1,1,1,1,2,1,1,0,1,1,1,1,1,1,1,1,1
Blissey,10,1,1,1,1,1,2,1,1,0,1,1,1,1,1,1,1,1,1
Raikou,85,1,1,1,0.5,1,1,1,0.5,1,1,2,1,1,1,1,1,0.5,1
Entei,115,0.5,1,1,1,0.5,1,0.5,1,1,0.5,2,0.5,1,1,1,2,0.5,2
Suicune,75,1,1,1,2,1,1,0.5,1,1,2,1,0.5,1,1,1,1,0.5,0.5
Larvitar,64,1,1,1,0,1,2,0.5,0.5,1,4,2,2,0.5,0.25,1,0.5,2,4
Pupitar,84,1,1,1,0,1,2,0.5,0.5,1,4,2,2,0.5,0.25,1,0.5,2,4
Tyranitar,164,2,0.5,1,1,2,4,0.5,0.5,0.5,2,2,1,0.5,0.5,0,1,2,2
Lugia,90,1,2,1,2,1,0.25,1,1,2,0.5,0,2,1,1,0.5,2,1,1
Ho-Oh,130,0.25,1,1,2,0.5,0.5,0.5,1,1,0.25,0,1,1,1,1,4,0.5,2
Celebi,100,4,2,1,0.5,1,0.5,2,2,2,0.5,0.5,2,1,2,0.5,1,1,0.5
Treecko,45,2,1,1,0.5,1,1,2,2,1,0.5,0.5,2,1,2,1,1,1,0.5
Grovyle,65,2,1,1,0.5,1,1,2,2,1,0.5,0.5,2,1,2,1,1,1,0.5
Sceptile,110,2,1,1,0.5,1,1,2,2,1,0.5,0.5,2,1,2,1,1,1,0.5
Torchic,60,0.5,1,1,1,0.5,1,0.5,1,1,0.5,2,0.5,1,1,1,2,0.5,2
Combusken,85,0.25,0.5,1,1,1,1,0.5,2,1,0.5,2,0.5,1,1,2,1,0.5,2
Blaziken,160,0.25,0.5,1,1,1,1,0.5,2,1,0.5,2,0.5,1,1,2,1,0.5,2
Mudkip,70,1,1,1,2,1,1,0.5,1,1,2,1,0.5,1,1,1,1,0.5,0.5
Marshtomp,85,1,1,1,0,1,1,0.5,1,1,4,1,1,1,0.5,1,0.5,0.5,1
Swampert,150,1,1,1,0,1,1,0.5,1,1,4,1,1,1,0.5,1,0.5,0.5,1
Poochyena,55,2,0.5,1,1,2,2,1,1,0.5,1,1,1,1,1,0,1,1,1
Mightyena,90,2,0.5,1,1,2,2,1,1,0.5,1,1,1,1,1,0,1,1,1
Zigzagoon,30,1,1,1,1,1,2,1,1,0,1,1,1,1,1,1,1,1,1
Linoone,70,1,1,1,1,1,2,1,1,0,1,1,1,1,1,1,1,1,1
Wurmple,45,1,1,1,1,1,0.5,2,2,1,0.5,0.5,1,1,1,1,2,1,1
Silcoon,35,1,1,1,1,1,0.5,2,2,1,0.5,0.5,1,1,1,1,2,1,1
Beautifly,70,0.5,1,1,2,1,0.25,2,2,1,0.25,0,2,1,1,1,4,1,1
Cascoon,35,1,1,1,1,1,0.5,2,2,1,0.5,0.5,1,1,1,1,2,1,1
Dustox,50,0.5,1,1,1,0.5,0.25,2,2,1,0.25,1,1,1,0.5,2,2,1,1
Lotad,30,2,1,1,1,1,1,1,2,1,1,0.5,1,1,2,1,1,0.5,0.25
Lombre,50,2,1,1,1,1,1,1,2,1,1,0.5,1,1,2,1,1,0.5,0.25
Ludicolo,70,2,1,1,1,1,1,1,2,1,1,0.5,1,1,2,1,1,0.5,0.25
Seedot,40,2,1,1,0.5,1,1,2,2,1,0.5,0.5,2,1,2,1,1,1,0.5
Nuzleaf,70,4,0.5,1,0.5,2,2,2,2,0.5,0.5,0.5,2,1,2,0,1,1,0.5
Shiftry,100,4,0.5,1,0.5,2,2,2,2,0.5,0.5,0.5,2,1,2,0,1,1,0.5
Taillow,55,0.5,1,1,2,1,1,1,1,0,0.5,0,2,1,1,1,2,1,1
Swellow,85,0.5,1,1,2,1,1,1,1,0,0.5,0,2,1,1,1,2,1,1
Wingull,30,0.5,1,1,4,1,0.5,0.5,1,1,1,0,1,1,1,1,2,0.5,0.5
Pelipper,50,0.5,1,1,4,1,0.5,0.5,1,1,1,0,1,1,1,1,2,0.5,0.5
Ralts,25,1,1,0,1,1,0.25,1,1,2,1,1,1,1,2,0.5,1,2,1
Kirlia,35,1,1,0,1,1,0.25,1,1,2,1,1,1,1,2,0.5,1,2,1
Gardevoir,85,1,1,0,1,1,0.25,1,1,2,1,1,1,1,2,0.5,1,2,1
Surskit,30,1,1,1,2,1,0.5,1,2,1,1,0.5,0.5,1,1,1,2,0.5,0.5
Masquerain,60,0.5,1,1,2,1,0.25,2,2,1,0.25,0,2,1,1,1,4,1,1
Shroomish,40,2,1,1,0.5,1,1,2,2,1,0.5,0.5,2,1,2,1,1,1,0.5
Breloom,130,1,0.5,1,0.5,2,1,2,4,1,0.5,0.5,2,1,2,2,0.5,1,0.5
Slakoth,60,1,1,1,1,1,2,1,1,0,1,1,1,1,1,1,1,1,1
Vigoroth,80,1,1,1,1,1,2,1,1,0,1,1,1,1,1,1,1,1,1
Slaking,160,1,1,1,1,1,2,1,1,0,1,1,1,1,1,1,1,1,1
Nincada,45,1,1,1,0,1,0.5,2,2,1,1,0.5,2,1,0.5,1,1,1,2
Ninjask,90,0.5,1,1,2,1,0.25,2,2,1,0.25,0,2,1,1,1,4,1,1
Shedinja,90,0.5,2,1,1,1,0,2,2,2,0.5,0.5,1,0,0.5,1,2,1,1
Whismur,51,1,1,1,1,1,2,1,1,0,1,1,1,1,1,1,1,1,1
Loudred,71,1,1,1,1,1,2,1,1,0,1,1,1,1,1,1,1,1,1
Exploud,91,1,1,1,1,1,2,1,1,0,1,1,1,1,1,1,1,1,1
Makuhita,60,0.5,0.5,1,1,2,1,1,2,1,1,1,1,1,1,2,0.5,1,1
Hariyama,120,0.5,0.5,1,1,2,1,1,2,1,1,1,1,1,1,2,0.5,1,1
Azurill,20,0.5,0.5,0,1,1,1,1,1,0,1,1,1,1,2,1,1,2,1
Nosepass,45,1,1,1,1,1,2,0.5,0.5,1,2,2,1,0.5,0.5,1,1,2,2
Skitty,45,1,1,1,1,1,2,1,1,0,1,1,1,1,1,1,1,1,1
Delcatty,65,1,1,1,1,1,2,1,1,0,1,1,1,1,1,1,1,1,1
Sableye,85,1,1,1,1,2,0,1,1,1,1,1,1,0,0.5,0,1,1,1
Mawile,105,0.25,0.5,0,1,0.5,1,2,0.5,1,0.5,2,0.5,0.5,0,0.5,0.5,1,1
Aron,70,0.5,1,0.5,1,0.5,4,1,0.25,1,1,4,0.5,0.25,0,0.5,0.5,1,2
Lairon,90,0.5,1,0.5,1,0.5,4,1,0.25,1,1,4,0.5,0.25,0,0.5,0.5,1,2
Aggron,140,0.5,1,0.5,1,0.5,4,1,0.25,1,1,4,0.5,0.25,0,0.5,0.5,1,2
Meditite,40,1,1,1,1,2,0.5,1,2,2,1,1,1,1,1,1,0.5,1,1
Medicham,100,1,1,1,1,2,0.5,1,2,2,1,1,1,1,1,1,0.5,1,1
Electrike,45,1,1,1,0.5,1,1,1,0.5,1,1,2,1,1,1,1,1,0.5,1
Manectric,75,1,1,1,0.5,1,1,1,0.5,1,1,2,1,1,1,1,1,0.5,1
Plusle,50,1,1,1,0.5,1,1,1,0.5,1,1,2,1,1,1,1,1,0.5,1
Minun,40,1,1,1,0.5,1,1,1,0.5,1,1,2,1,1,1,1,1,0.5,1
Volbeat,73,1,1,1,1,1,0.5,2,2,1,0.5,0.5,1,1,1,1,2,1,1
Illumise,47,1,1,1,1,1,0.5,2,2,1,0.5,0.5,1,1,1,1,2,1,1
Roselia,60,1,1,1,0.5,0.5,0.5,2,2,1,0.25,1,2,1,1,2,1,1,0.5
Gulpin,43,0.5,1,1,1,0.5,0.5,1,1,1,0.5,2,1,1,0.5,2,1,1,1
Swalot,73,0.5,1,1,1,0.5,0.5,1,1,1,0.5,2,1,1,0.5,2,1,1,1
Carvanha,90,2,0.5,1,2,2,2,0.5,1,0.5,2,1,0.5,1,1,0,1,0.5,0.5
Sharpedo,140,2,0.5,1,2,2,2,0.5,1,0.5,2,1,0.5,1,1,0,1,0.5,0.5
Wailmer,70,1,1,1,2,1,1,0.5,1,1,2,1,0.5,1,1,1,1,0.5,0.5
Wailord,90,1,1,1,2,1,1,0.5,1,1,2,1,0.5,1,1,1,1,0.5,0.5
Numel,60,0.5,1,1,0,0.5,1,0.5,1,1,1,2,1,1,0.5,1,1,0.5,4
Camerupt,120,0.5,1,1,0,0.5,1,0.5,1,1,1,2,1,1,0.5,1,1,0.5,4
Torkoal,85,0.5,1,1,1,0.5,1,0.5,1,1,0.5,2,0.5,1,1,1,2,0.5,2
Spoink,25,2,2,1,1,1,0.5,1,1,2,1,1,1,1,1,0.5,1,1,1
Grumpig,45,2,2,1,1,1,0.5,1,1,2,1,1,1,1,1,0.5,1,1,1
Spinda,60,1,1,1,1,1,2,1,1,0,1,1,1,1,1,1,1,1,1
Trapinch,100,1,1,1,0,1,1,1,1,1,2,1,2,1,0.5,1,0.5,1,2
Vibrava,70,1,1,2,0,2,1,0.5,1,1,1,1,4,1,0.5,1,0.5,1,1
Flygon,100,1,1,2,0,2,1,0.5,1,1,1,1,4,1,0.5,1,0.5,1,1
Cacnea,85,2,1,1,0.5,1,1,2,2,1,0.5,0.5,2,1,2,1,1,1,0.5
Cacturne,115,4,0.5,1,0.5,2,2,2,2,0.5,0.5,0.5,2,1,2,0,1,1,0.5
Swablu,40,0.5,1,1,2,1,1,1,1,0,0.5,0,2,1,1,1,2,1,1
Altaria,110,0.5,1,2,1,2,0.5,0.5,1,1,0.25,0,4,1,1,1,2,1,0.5
Zangoose,115,1,1,1,1,1,2,1,1,0,1,1,1,1,1,1,1,1,1
Seviper,100,0.5,1,1,1,0.5,0.5,1,1,1,0.5,2,1,1,0.5,2,1,1,1
Lunatone,55,2,2,1,1,1,1,0.5,0.5,2,2,2,1,0.5,0.5,0.5,1,2,2
Solrock,95,2,2,1,1,1,1,0.5,0.5,2,2,2,1,0.5,0.5,0.5,1,2,2
Barboach,48,1,1,1,0,1,1,0.5,1,1,4,1,1,1,0.5,1,0.5,0.5,1
Whiscash,78,1,1,1,0,1,1,0.5,1,1,4,1,1,1,0.5,1,0.5,0.5,1
Corphish,80,1,1,1,2,1,1,0.5,1,1,2,1,0.5,1,1,1,1,0.5,0.5
Crawdaunt,120,2,0.5,1,2,2,2,0.5,1,0.5,2,1,0.5,1,1,0,1,0.5,0.5
Baltoy,40,2,2,1,0,1,0.5,1,1,2,2,1,2,1,0.5,0.5,0.5,1,2
Claydol,70,2,2,1,0,1,0.5,1,1,2,2,1,2,1,0.5,0.5,0.5,1,2
Lileep,41,2,1,1,0.5,1,2,1,1,1,1,1,2,0.5,1,1,1,2,1
Cradily,81,2,1,1,0.5,1,2,1,1,1,1,1,2,0.5,1,1,1,2,1
Anorith,95,1,1,1,1,1,1,1,1,1,1,1,1,0.5,0.5,1,2,2,2
Armaldo,125,1,1,1,1,1,1,1,1,1,1,1,1,0.5,0.5,1,2,2,2
Feebas,15,1,1,1,2,1,1,0.5,1,1,2,1,0.5,1,1,1,1,0.5,0.5
Milotic,60,1,1,1,2,1,1,0.5,1,1,2,1,0.5,1,1,1,1,0.5,0.5
Castform,70,1,1,1,1,1,2,1,1,0,1,1,1,1,1,1,1,1,1
Kecleon,90,1,1,1,1,1,2,1,1,0,1,1,1,1,1,1,1,1,1
Shuppet,75,0.5,2,1,1,1,0,1,1,2,1,1,1,0,0.5,1,1,1,1
Banette,165,0.5,2,1,1,1,0,1,1,2,1,1,1,0,0.5,1,1,1,1
Duskull,40,0.5,2,1,1,1,0,1,1,2,1,1,1,0,0.5,1,1,1,1
Dusclops,70,0.5,2,1,1,1,0,1,1,2,1,1,1,0,0.5,1,1,1,1
Tropius,68,1,1,1,1,1,0.5,2,2,1,0.25,0,4,1,2,1,2,1,0.5
Chimecho,50,2,2,1,1,1,0.5,1,1,2,1,1,1,1,1,0.5,1,1,1
Absol,150,2,0.5,1,1,2,2,1,1,0.5,1,1,1,1,1,0,1,1,1
Wynaut,23,2,2,1,1,1,0.5,1,1,2,1,1,1,1,1,0.5,1,1,1
Snorunt,50,1,1,1,1,1,2,2,1,1,1,1,0.5,1,1,1,2,2,1
Glalie,120,1,1,1,1,1,2,2,1,1,1,1,0.5,1,1,1,2,2,1
Spheal,40,1,1,1,2,1,2,1,1,1,2,1,0.25,1,1,1,2,1,0.5
Sealeo,60,1,1,1,2,1,2,1,1,1,2,1,0.25,1,1,1,2,1,0.5
Walrein,80,1,1,1,2,1,2,1,1,1,2,1,0.25,1,1,1,2,1,0.5
Clamperl,64,1,1,1,2,1,1,0.5,1,1,2,1,0.5,1,1,1,1,0.5,0.5
Huntail,104,1,1,1,2,1,1,0.5,1,1,2,1,0.5,1,1,1,1,0.5,0.5
Gorebyss,84,1,1,1,2,1,1,0.5,1,1,2,1,0.5,1,1,1,1,0.5,0.5
Relicanth,90,1,1,1,2,1,2,0.25,0.5,1,4,2,0.5,0.5,0.5,1,1,1,1
Luvdisc,30,1,1,1,2,1,1,0.5,1,1,2,1,0.5,1,1,1,1,0.5,0.5
Bagon,75,1,1,2,0.5,2,1,0.5,1,1,0.5,1,2,1,1,1,1,1,0.5
Shelgon,95,1,1,2,0.5,2,1,0.5,1,1,0.5,1,2,1,1,1,1,1,0.5
Salamence,145,0.5,1,2,1,2,0.5,0.5,1,1,0.25,0,4,1,1,1,2,1,0.5
Beldum,55,1,2,0.5,1,0.5,1,2,0.5,2,0.5,2,0.5,0.5,0,0.25,0.5,0.5,1
Metang,75,1,2,0.5,1,0.5,1,2,0.5,2,0.5,2,0.5,0.5,0,0.25,0.5,0.5,1
Metagross,145,1,2,0.5,1,0.5,1,2,0.5,2,0.5,2,0.5,0.5,0,0.25,0.5,0.5,1
Regirock,100,1,1,1,1,1,2,0.5,0.5,1,2,2,1,0.5,0.5,1,1,2,2
Regice,50,1,1,1,1,1,2,2,1,1,1,1,0.5,1,1,1,2,2,1
Registeel,75,0.5,1,0.5,1,0.5,2,2,0.5,1,0.5,2,0.5,0.5,0,0.5,0.5,0.5,1
Latias,100,2,2,2,0.5,2,0.5,0.5,1,2,0.5,1,2,1,1,0.5,1,1,0.5
Latios,130,2,2,2,0.5,2,0.5,0.5,1,2,0.5,1,2,1,1,0.5,1,1,0.5
Kyogre,150,1,1,1,2,1,1,0.5,1,1,2,1,0.5,1,1,1,1,0.5,0.5
Groudon,180,1,1,1,0,1,1,1,1,1,2,1,2,1,0.5,1,0.5,1,2
Rayquaza,180,0.5,1,2,1,2,0.5,0.5,1,1,0.25,0,4,1,1,1,2,1,0.5
Jirachi,100,1,2,0.5,1,0.5,1,2,0.5,2,0.5,2,0.5,0.5,0,0.25,0.5,0.5,1
Deoxys,95,2,2,1,1,1,0.5,1,1,2,1,1,1,1,1,0.5,1,1,1
Turtwig,68,2,1,1,0.5,1,1,2,2,1,0.5,0.5,2,1,2,1,1,1,0.5
Grotle,89,2,1,1,0.5,1,1,2,2,1,0.5,0.5,2,1,2,1,1,1,0.5
Torterra,109,2,1,1,0,1,1,2,2,1,1,0.5,4,1,1,1,0.5,1,1
Chimchar,58,0.5,1,1,1,0.5,1,0.5,1,1,0.5,2,0.5,1,1,1,2,0.5,2
Monferno,78,0.25,0.5,1,1,1,1,0.5,2,1,0.5,2,0.5,1,1,2,1,0.5,2
Infernape,104,0.25,0.5,1,1,1,1,0.5,2,1,0.5,2,0.5,1,1,2,1,0.5,2
Piplup,51,1,1,1,2,1,1,0.5,1,1,2,1,0.5,1,1,1,1,0.5,0.5
Prinplup,66,1,1,1,2,1,1,0.5,1,1,2,1,0.5,1,1,1,1,0.5,0.5
Empoleon,86,0.5,1,0.5,2,0.5,2,1,0.5,1,1,2,0.25,0.5,0,0.5,0.5,0.25,0.5
Starly,55,0.5,1,1,2,1,1,1,1,0,0.5,0,2,1,1,1,2,1,1
Staravia,75,0.5,1,1,2,1,1,1,1,0,0.5,0,2,1,1,1,2,1,1
Staraptor,120,0.5,1,1,2,1,1,1,1,0,0.5,0,2,1,1,1,2,1,1
Bidoof,45,1,1,1,1,1,2,1,1,0,1,1,1,1,1,1,1,1,1
Bibarel,85,1,1,1,2,1,2,0.5,1,0,2,1,0.5,1,1,1,1,0.5,0.5
Kricketot,25,1,1,1,1,1,0.5,2,2,1,0.5,0.5,1,1,1,1,2,1,1
Kricketune,85,1,1,1,1,1,0.5,2,2,1,0.5,0.5,1,1,1,1,2,1,1
Shinx,65,1,1,1,0.5,1,1,1,0.5,1,1,2,1,1,1,1,1,0.5,1
Luxio,85,1,1,1,0.5,1,1,1,0.5,1,1,2,1,1,1,1,1,0.5,1
Luxray,120,1,1,1,0.5,1,1,1,0.5,1,1,2,1,1,1,1,1,0.5,1
Budew,30,1,1,1,0.5,0.5,0.5,2,2,1,0.25,1,2,1,1,2,1,1,0.5
Roserade,70,1,1,1,0.5,0.5,0.5,2,2,1,0.25,1,2,1,1,2,1,1,0.5
Cranidos,125,1,1,1,1,1,2,0.5,0.5,1,2,2,1,0.5,0.5,1,1,2,2
Rampardos,165,1,1,1,1,1,2,0.5,0.5,1,2,2,1,0.5,0.5,1,1,2,2
Shieldon,42,0.5,1,0.5,1,0.5,4,1,0.25,1,1,4,0.5,0.25,0,0.5,0.5,1,2
Bastiodon,52,0.5,1,0.5,1,0.5,4,1,0.25,1,1,4,0.5,0.25,0,0.5,0.5,1,2
Burmy,29,1,1,1,1,1,0.5,2,2,1,0.5,0.5,1,1,1,1,2,1,1
Wormadam,69,2,1,1,0.5,1,0.5,4,4,1,0.25,0.25,2,1,2,1,2,1,0.5
Mothim,94,0.5,1,1,2,1,0.25,2,2,1,0.25,0,2,1,1,1,4,1,1
Combee,30,0.5,1,1,2,1,0.25,2,2,1,0.25,0,2,1,1,1,4,1,1
Vespiquen,80,0.5,1,1,2,1,0.25,2,2,1,0.25,0,2,1,1,1,4,1,1
Pachirisu,45,1,1,1,0.5,1,1,1,0.5,1,1,2,1,1,1,1,1,0.5,1
Buizel,65,1,1,1,2,1,1,0.5,1,1,2,1,0.5,1,1,1,1,0.5,0.5
Floatzel,105,1,1,1,2,1,1,0.5,1,1,2,1,0.5,1,1,1,1,0.5,0.5
Cherubi,35,2,1,1,0.5,1,1,2,2,1,0.5,0.5,2,1,2,1,1,1,0.5
Cherrim,60,2,1,1,0.5,1,1,2,2,1,0.5,0.5,2,1,2,1,1,1,0.5
Shellos,48,1,1,1,2,1,1,0.5,1,1,2,1,0.5,1,1,1,1,0.5,0.5
Gastrodon,83,1,1,1,0,1,1,0.5,1,1,4,1,1,1,0.5,1,0.5,0.5,1
Ambipom,100,1,1,1,1,1,2,1,1,0,1,1,1,1,1,1,1,1,1
Drifloon,50,0.25,2,1,2,1,0,1,1,2,0.5,0,2,0,0.5,1,2,1,1
Drifblim,80,0.25,2,1,2,1,0,1,1,2,0.5,0,2,0,0.5,1,2,1,1
Buneary,66,1,1,1,1,1,2,1,1,0,1,1,1,1,1,1,1,1,1
Lopunny,136,1,1,1,1,1,2,1,1,0,1,1,1,1,1,1,1,1,1
Mismagius,60,0.5,2,1,1,1,0,1,1,2,1,1,1,0,0.5,1,1,1,1
Honchkrow,125,1,0.5,1,2,2,1,1,1,0.5,0.5,0,2,1,1,0,2,1,1
Glameow,55,1,1,1,1,1,2,1,1,0,1,1,1,1,1,1,1,1,1
Purugly,82,1,1,1,1,1,2,1,1,0,1,1,1,1,1,1,1,1,1
Chingling,30,2,2,1,1,1,0.5,1,1,2,1,1,1,1,1,0.5,1,1,1
Stunky,63,1,0.5,1,1,1,1,1,1,0.5,0.5,2,1,1,0.5,0,1,1,1
Skuntank,93,1,0.5,1,1,1,1,1,1,0.5,0.5,2,1,1,0.5,0,1,1,1
Bronzor,24,1,2,0.5,1,0.5,1,2,0.5,2,0.5,2,0.5,0.5,0,0.25,0.5,0.5,1
Bronzong,89,1,2,0.5,1,0.5,1,2,0.5,2,0.5,2,0.5,0.5,0,0.25,0.5,0.5,1
Bonsly,80,1,1,1,1,1,2,0.5,0.5,1,2,2,1,0.5,0.5,1,1,2,2
Mime Jr.,25,1,1,0,1,1,0.25,1,1,2,1,1,1,1,2,0.5,1,2,1
Happiny,5,1,1,1,1,1,2,1,1,0,1,1,1,1,1,1,1,1,1
Chatot,65,0.5,1,1,2,1,1,1,1,0,0.5,0,2,1,1,1,2,1,1
Spiritomb,92,1,1,1,1,2,0,1,1,1,1,1,1,0,0.5,0,1,1,1
Gible,70,1,1,2,0,2,1,0.5,1,1,1,1,4,1,0.5,1,0.5,1,1
Gabite,90,1,1,2,0,2,1,0.5,1,1,1,1,4,1,0.5,1,0.5,1,1
Garchomp,170,1,1,2,0,2,1,0.5,1,1,1,1,4,1,0.5,1,0.5,1,1
Munchlax,85,1,1,1,1,1,2,1,1,0,1,1,1,1,1,1,1,1,1
Riolu,70,0.5,0.5,1,1,2,1,1,2,1,1,1,1,1,1,2,0.5,1,1
Lucario,145,0.25,0.5,0.5,1,1,2,2,1,1,0.5,2,0.5,0.5,0,1,0.25,0.5,1
Hippopotas,72,1,1,1,0,1,1,1,1,1,2,1,2,1,0.5,1,0.5,1,2
Hippowdon,112,1,1,1,0,1,1,1,1,1,2,1,2,1,0.5,1,0.5,1,2
Skorupi,50,0.5,1,1,1,0.5,0.25,2,2,1,0.25,1,1,1,0.5,2,2,1,1
Drapion,90,1,0.5,1,1,1,1,1,1,0.5,0.5,2,1,1,0.5,0,1,1,1
Croagunk,61,0.25,0.5,1,1,1,0.5,1,2,1,0.5,2,1,1,0.5,4,0.5,1,1
Toxicroak,106,0.25,0.5,1,1,1,0.5,1,2,1,0.5,2,1,1,0.5,4,0.5,1,1
Carnivine,100,2,1,1,0.5,1,1,2,2,1,0.5,0.5,2,1,2,1,1,1,0.5
Finneon,49,1,1,1,2,1,1,0.5,1,1,2,1,0.5,1,1,1,1,0.5,0.5
Lumineon,69,1,1,1,2,1,1,0.5,1,1,2,1,0.5,1,1,1,1,0.5,0.5
Mantyke,20,0.5,1,1,4,1,0.5,0.5,1,1,1,0,1,1,1,1,2,0.5,0.5
Snover,62,2,1,1,0.5,1,2,4,2,1,0.5,0.5,1,1,2,1,2,2,0.5
Abomasnow,132,2,1,1,0.5,1,2,4,2,1,0.5,0.5,1,1,2,1,2,2,0.5
Weavile,120,2,0.5,1,1,2,4,2,1,0.5,1,1,0.5,1,1,0,2,2,1
Magnezone,70,0.5,1,0.5,0.5,0.5,2,2,0.25,1,0.5,4,0.5,0.5,0,0.5,0.5,0.25,1
Lickilicky,85,1,1,1,1,1,2,1,1,0,1,1,1,1,1,1,1,1,1
Rhyperior,140,1,1,1,0,1,2,0.5,0.5,1,4,2,2,0.5,0.25,1,0.5,2,4
Tangrowth,100,2,1,1,0.5,1,1,2,2,1,0.5,0.5,2,1,2,1,1,1,0.5
Electivire,123,1,1,1,0.5,1,1,1,0.5,1,1,2,1,1,1,1,1,0.5,1
Magmortar,95,0.5,1,1,1,0.5,1,0.5,1,1,0.5,2,0.5,1,1,1,2,0.5,2
Togekiss,50,0.25,0.5,0,2,1,0.25,1,1,1,0.5,0,2,1,2,1,2,2,1
Yanmega,76,0.5,1,1,2,1,0.25,2,2,1,0.25,0,2,1,1,1,4,1,1
Leafeon,110,2,1,1,0.5,1,1,2,2,1,0.5,0.5,2,1,2,1,1,1,0.5
Glaceon,60,1,1,1,1,1,2,2,1,1,1,1,0.5,1,1,1,2,2,1
Gliscor,95,0.5,1,1,0,1,0.5,1,1,1,1,0,4,1,0.5,1,1,1,2
Mamoswine,130,1,1,1,0,1,2,2,1,1,2,1,1,1,0.5,1,1,2,2
Porygon-Z,80,1,1,1,1,1,2,1,1,0,1,1,1,1,1,1,1,1,1
Gallade,165,1,1,1,1,2,0.5,1,2,2,1,1,1,1,1,1,0.5,1,1
Probopass,55,0.5,1,0.5,1,0.5,4,1,0.25,1,1,4,0.5,0.25,0,0.5,0.5,1,2
Dusknoir,100,0.5,2,1,1,1,0,1,1,2,1,1,1,0,0.5,1,1,1,1
Froslass,80,0.5,2,1,1,1,0,2,1,2,1,1,0.5,0,0.5,1,2,2,1
Rotom,65,0.5,2,1,0.5,1,0,1,0.5,2,1,2,1,0,0.5,1,1,0.5,1
Uxie,75,2,2,1,1,1,0.5,1,1,2,1,1,1,1,1,0.5,1,1,1
Mesprit,105,2,2,1,1,1,0.5,1,1,2,1,1,1,1,1,0.5,1,1,1
Azelf,125,2,2,1,1,1,0.5,1,1,2,1,1,1,1,1,0.5,1,1,1
Dialga,120,0.5,1,1,0.5,1,2,1,0.5,1,0.25,2,1,0.5,0,0.5,0.5,0.5,0.5
Palkia,120,1,1,2,1,2,1,0.25,1,1,1,1,1,1,1,1,1,0.5,0.25
Heatran,90,0.25,1,0.5,1,0.25,2,1,0.5,1,0.25,4,0.25,0.5,0,0.5,1,0.25,2
Regigigas,160,1,1,1,1,1,2,1,1,0,1,1,1,1,1,1,1,1,1
Giratina,120,0.5,2,2,0.5,2,0,0.5,1,2,0.5,1,2,0,0.5,1,1,1,0.5
Cresselia,70,2,2,1,1,1,0.5,1,1,2,1,1,1,1,1,0.5,1,1,1
Phione,80,1,1,1,2,1,1,0.5,1,1,2,1,0.5,1,1,1,1,0.5,0.5
Manaphy,100,1,1,1,2,1,1,0.5,1,1,2,1,0.5,1,1,1,1,0.5,0.5
Darkrai,90,2,0.5,1,1,2,2,1,1,0.5,1,1,1,1,1,0,1,1,1
Shaymin,103,2,1,1,0.5,1,1,2,2,1,0.5,0.5,2,1,2,1,1,1,0.5
Arceus,120,1,1,1,1,1,2,1,1,0,1,1,1,1,1,1,1,1,1
Victini,100,1,2,1,1,0.5,0.5,0.5,1,2,0.5,2,0.5,1,1,0.5,2,0.5,2
Snivy,45,2,1,1,0.5,1,1,2,2,1,0.5,0.5,2,1,2,1,1,1,0.5
Servine,60,2,1,1,0.5,1,1,2,2,1,0.5,0.5,2,1,2,1,1,1,0.5
Serperior,75,2,1,1,0.5,1,1,2,2,1,0.5,0.5,2,1,2,1,1,1,0.5
Tepig,63,0.5,1,1,1,0.5,1,0.5,1,1,0.5,2,0.5,1,1,1,2,0.5,2
Pignite,93,0.25,0.5,1,1,1,1,0.5,2,1,0.5,2,0.5,1,1,2,1,0.5,2
Emboar,123,0.25,0.5,1,1,1,1,0.5,2,1,0.5,2,0.5,1,1,2,1,0.5,2
Oshawott,55,1,1,1,2,1,1,0.5,1,1,2,1,0.5,1,1,1,1,0.5,0.5
Dewott,75,1,1,1,2,1,1,0.5,1,1,2,1,0.5,1,1,1,1,0.5,0.5
Samurott,100,1,1,1,2,1,1,0.5,1,1,2,1,0.5,1,1,1,1,0.5,0.5
Patrat,55,1,1,1,1,1,2,1,1,0,1,1,1,1,1,1,1,1,1
Watchog,85,1,1,1,1,1,2,1,1,0,1,1,1,1,1,1,1,1,1
Lillipup,60,1,1,1,1,1,2,1,1,0,1,1,1,1,1,1,1,1,1
Herdier,80,1,1,1,1,1,2,1,1,0,1,1,1,1,1,1,1,1,1
Stoutland,110,1,1,1,1,1,2,1,1,0,1,1,1,1,1,1,1,1,1
Purrloin,50,2,0.5,1,1,2,2,1,1,0.5,1,1,1,1,1,0,1,1,1
Liepard,88,2,0.5,1,1,2,2,1,1,0.5,1,1,1,1,1,0,1,1,1
Pansage,53,2,1,1,0.5,1,1,2,2,1,0.5,0.5,2,1,2,1,1,1,0.5
Simisage,98,2,1,1,0.5,1,1,2,2,1,0.5,0.5,2,1,2,1,1,1,0.5
Pansear,53,0.5,1,1,1,0.5,1,0.5,1,1,0.5,2,0.5,1,1,1,2,0.5,2
Simisear,98,0.5,1,1,1,0.5,1,0.5,1,1,0.5,2,0.5,1,1,1,2,0.5,2
Panpour,53,1,1,1,2,1,1,0.5,1,1,2,1,0.5,1,1,1,1,0.5,0.5
Simipour,98,1,1,1,2,1,1,0.5,1,1,2,1,0.5,1,1,1,1,0.5,0.5
Munna,25,2,2,1,1,1,0.5,1,1,2,1,1,1,1,1,0.5,1,1,1
Musharna,55,2,2,1,1,1,0.5,1,1,2,1,1,1,1,1,0.5,1,1,1
Pidove,55,0.5,1,1,2,1,1,1,1,0,0.5,0,2,1,1,1,2,1,1
Tranquill,77,0.5,1,1,2,1,1,1,1,0,0.5,0,2,1,1,1,2,1,1
Unfezant,115,0.5,1,1,2,1,1,1,1,0,0.5,0,2,1,1,1,2,1,1
Blitzle,60,1,1,1,0.5,1,1,1,0.5,1,1,2,1,1,1,1,1,0.5,1
Zebstrika,100,1,1,1,0.5,1,1,1,0.5,1,1,2,1,1,1,1,1,0.5,1
Roggenrola,75,1,1,1,1,1,2,0.5,0.5,1,2,2,1,0.5,0.5,1,1,2,2
Boldore,105,1,1,1,1,1,2,0.5,0.5,1,2,2,1,0.5,0.5,1,1,2,2
Gigalith,135,1,1,1,1,1,2,0.5,0.5,1,2,2,1,0.5,0.5,1,1,2,2
Woobat,45,1,2,1,2,1,0.25,1,1,2,0.5,0,2,1,1,0.5,2,1,1
Swoobat,57,1,2,1,2,1,0.25,1,1,2,0.5,0,2,1,1,0.5,2,1,1
Drilbur,85,1,1,1,0,1,1,1,1,1,2,1,2,1,0.5,1,0.5,1,2
Excadrill,135,0.5,1,0.5,0,0.5,2,2,0.5,1,1,2,1,0.5,0,0.5,0.25,0.5,2
Audino,60,1,1,1,1,1,2,1,1,0,1,1,1,1,1,1,1,1,1
Timburr,80,0.5,0.5,1,1,2,1,1,2,1,1,1,1,1,1,2,0.5,1,1
Gurdurr,105,0.5,0.5,1,1,2,1,1,2,1,1,1,1,1,1,2,0.5,1,1
Conkeldurr,140,0.5,0.5,1,1,2,1,1,2,1,1,1,1,1,1,2,0.5,1,1
Tympole,50,1,1,1,2,1,1,0.5,1,1,2,1,0.5,1,1,1,1,0.5,0.5
Palpitoad,65,1,1,1,0,1,1,0.5,1,1,4,1,1,1,0.5,1,0.5,0.5,1
Seismitoad,95,1,1,1,0,1,1,0.5,1,1,4,1,1,1,0.5,1,0.5,0.5,1
Throh,100,0.5,0.5,1,1,2,1,1,2,1,1,1,1,1,1,2,0.5,1,1
Sawk,125,0.5,0.5,1,1,2,1,1,2,1,1,1,1,1,1,2,0.5,1,1
Sewaddle,53,2,1,1,0.5,1,0.5,4,4,1,0.25,0.25,2,1,2,1,2,1,0.5
Swadloon,63,2,1,1,0.5,1,0.5,4,4,1,0.25,0.25,2,1,2,1,2,1,0.5
Leavanny,103,2,1,1,0.5,1,0.5,4,4,1,0.25,0.25,2,1,2,1,2,1,0.5
Venipede,45,0.5,1,1,1,0.5,0.25,2,2,1,0.25,1,1,1,0.5,2,2,1,1
Whirlipede,55,0.5,1,1,1,0.5,0.25,2,2,1,0.25,1,1,1,0.5,2,2,1,1
Scolipede,100,0.5,1,1,1,0.5,0.25,2,2,1,0.25,1,1,1,0.5,2,2,1,1
Cottonee,27,1,0.5,0,0.5,1,0.5,2,2,1,0.5,0.5,2,1,4,1,1,2,0.5
Whimsicott,67,1,0.5,0,0.5,1,0.5,2,2,1,0.5,0.5,2,1,4,1,1,2,0.5
Petilil,35,2,1,1,0.5,1,1,2,2,1,0.5,0.5,2,1,2,1,1,1,0.5
Lilligant,60,2,1,1,0.5,1,1,2,2,1,0.5,0.5,2,1,2,1,1,1,0.5
Basculin,92,1,1,1,2,1,1,0.5,1,1,2,1,0.5,1,1,1,1,0.5,0.5
Sandile,72,2,0.5,1,0,2,2,1,1,0.5,2,1,2,1,0.5,0,0.5,1,2
Krokorok,82,2,0.5,1,0,2,2,1,1,0.5,2,1,2,1,0.5,0,0.5,1,2
Krookodile,117,2,0.5,1,0,2,2,1,1,0.5,2,1,2,1,0.5,0,0.5,1,2
Darumaka,90,0.5,1,1,1,0.5,1,0.5,1,1,0.5,2,0.5,1,1,1,2,0.5,2
Darmanitan,30,0.5,1,1,1,0.5,1,0.5,1,1,0.5,2,0.5,1,1,1,2,0.5,2
Maractus,86,2,1,1,0.5,1,1,2,2,1,0.5,0.5,2,1,2,1,1,1,0.5
Dwebble,65,1,1,1,1,1,1,1,1,1,1,1,1,0.5,0.5,1,2,2,2
Crustle,105,1,1,1,1,1,1,1,1,1,1,1,1,0.5,0.5,1,2,2,2
Scraggy,75,1,0.25,1,1,4,2,1,2,0.5,1,1,1,1,1,0,0.5,1,1
Scrafty,90,1,0.25,1,1,4,2,1,2,0.5,1,1,1,1,1,0,0.5,1,1
Sigilyph,58,1,2,1,2,1,0.25,1,1,2,0.5,0,2,1,1,0.5,2,1,1
Yamask,30,0.5,2,1,1,1,0,1,1,2,1,1,1,0,0.5,1,1,1,1
Cofagrigus,50,0.5,2,1,1,1,0,1,1,2,1,1,1,0,0.5,1,1,1,1
Tirtouga,78,1,1,1,2,1,2,0.25,0.5,1,4,2,0.5,0.5,0.5,1,1,1,1
Carracosta,108,1,1,1,2,1,2,0.25,0.5,1,4,2,0.5,0.5,0.5,1,1,1,1
Archen,112,0.5,1,1,2,1,1,0.5,0.5,1,1,0,2,0.5,0.5,1,2,2,2
Archeops,140,0.5,1,1,2,1,1,0.5,0.5,1,1,0,2,0.5,0.5,1,2,2,2
Trubbish,50,0.5,1,1,1,0.5,0.5,1,1,1,0.5,2,1,1,0.5,2,1,1,1
Garbodor,95,0.5,1,1,1,0.5,0.5,1,1,1,0.5,2,1,1,0.5,2,1,1,1
Zorua,65,2,0.5,1,1,2,2,1,1,0.5,1,1,1,1,1,0,1,1,1
Zoroark,105,2,0.5,1,1,2,2,1,1,0.5,1,1,1,1,1,0,1,1,1
Minccino,50,1,1,1,1,1,2,1,1,0,1,1,1,1,1,1,1,1,1
Cinccino,95,1,1,1,1,1,2,1,1,0,1,1,1,1,1,1,1,1,1
Gothita,30,2,2,1,1,1,0.5,1,1,2,1,1,1,1,1,0.5,1,1,1
Gothorita,45,2,2,1,1,1,0.5,1,1,2,1,1,1,1,1,0.5,1,1,1
Gothitelle,55,2,2,1,1,1,0.5,1,1,2,1,1,1,1,1,0.5,1,1,1
Solosis,30,2,2,1,1,1,0.5,1,1,2,1,1,1,1,1,0.5,1,1,1
Duosion,40,2,2,1,1,1,0.5,1,1,2,1,1,1,1,1,0.5,1,1,1
Reuniclus,65,2,2,1,1,1,0.5,1,1,2,1,1,1,1,1,0.5,1,1,1
Ducklett,44,0.5,1,1,4,1,0.5,0.5,1,1,1,0,1,1,1,1,2,0.5,0.5
Swanna,87,0.5,1,1,4,1,0.5,0.5,1,1,1,0,1,1,1,1,2,0.5,0.5
Vanillite,50,1,1,1,1,1,2,2,1,1,1,1,0.5,1,1,1,2,2,1
Vanillish,65,1,1,1,1,1,2,2,1,1,1,1,0.5,1,1,1,2,2,1
Vanilluxe,95,1,1,1,1,1,2,2,1,1,1,1,0.5,1,1,1,2,2,1
Deerling,60,2,1,1,0.5,1,2,2,2,0,0.5,0.5,2,1,2,1,1,1,0.5
Sawsbuck,100,2,1,1,0.5,1,2,2,2,0,0.5,0.5,2,1,2,1,1,1,0.5
Emolga,75,0.5,1,1,1,1,0.5,1,0.5,1,0.5,0,2,1,1,1,2,0.5,1
Karrablast,75,1,1,1,1,1,0.5,2,2,1,0.5,0.5,1,1,1,1,2,1,1
Escavalier,135,0.5,1,0.5,1,0.5,1,4,1,1,0.25,1,0.5,0.5,0,0.5,1,0.5,1
Foongus,55,1,1,1,0.5,0.5,0.5,2,2,1,0.25,1,2,1,1,2,1,1,0.5
Amoonguss,85,1,1,1,0.5,0.5,0.5,2,2,1,0.25,1,2,1,1,2,1,1,0.5
Frillish,40,0.5,2,1,2,1,0,0.5,1,2,2,1,0.5,0,0.5,1,1,0.5,0.5
Jellicent,60,0.5,2,1,2,1,0,0.5,1,2,2,1,0.5,0,0.5,1,1,0.5,0.5
Alomomola,75,1,1,1,2,1,1,0.5,1,1,2,1,0.5,1,1,1,1,0.5,0.5
Joltik,47,1,1,1,0.5,1,0.5,2,1,1,0.5,1,1,1,1,1,2,0.5,1
Galvantula,77,1,1,1,0.5,1,0.5,2,1,1,0.5,1,1,1,1,1,2,0.5,1
Ferroseed,50,1,1,0.5,0.5,0.5,2,4,1,1,0.25,1,1,0.5,0,0.5,0.5,0.5,0.5
Ferrothorn,94,1,1,0.5,0.5,0.5,2,4,1,1,0.25,1,1,0.5,0,0.5,0.5,0.5,0.5
Klink,55,0.5,1,0.5,1,0.5,2,2,0.5,1,0.5,2,0.5,0.5,0,0.5,0.5,0.5,1
Klang,80,0.5,1,0.5,1,0.5,2,2,0.5,1,0.5,2,0.5,0.5,0,0.5,0.5,0.5,1
Klinklang,100,0.5,1,0.5,1,0.5,2,2,0.5,1,0.5,2,0.5,0.5,0,0.5,0.5,0.5,1
Tynamo,55,1,1,1,0.5,1,1,1,0.5,1,1,2,1,1,1,1,1,0.5,1
Eelektrik,85,1,1,1,0.5,1,1,1,0.5,1,1,2,1,1,1,1,1,0.5,1
Eelektross,115,1,1,1,0.5,1,1,1,0.5,1,1,2,1,1,1,1,1,0.5,1
Elgyem,55,2,2,1,1,1,0.5,1,1,2,1,1,1,1,1,0.5,1,1,1
Beheeyem,75,2,2,1,1,1,0.5,1,1,2,1,1,1,1,1,0.5,1,1,1
Litwick,30,0.25,2,1,1,0.5,0,0.5,1,2,0.5,2,0.5,0,0.5,1,2,0.5,2
Lampent,40,0.25,2,1,1,0.5,0,0.5,1,2,0.5,2,0.5,0,0.5,1,2,0.5,2
Chandelure,55,0.25,2,1,1,0.5,0,0.5,1,2,0.5,2,0.5,0,0.5,1,2,0.5,2
Axew,87,1,1,2,0.5,2,1,0.5,1,1,0.5,1,2,1,1,1,1,1,0.5
Fraxure,117,1,1,2,0.5,2,1,0.5,1,1,0.5,1,2,1,1,1,1,1,0.5
Haxorus,147,1,1,2,0.5,2,1,0.5,1,1,0.5,1,2,1,1,1,1,1,0.5
Cubchoo,70,1,1,1,1,1,2,2,1,1,1,1,0.5,1,1,1,2,2,1
Beartic,130,1,1,1,1,1,2,2,1,1,1,1,0.5,1,1,1,2,2,1
Cryogonal,50,1,1,1,1,1,2,2,1,1,1,1,0.5,1,1,1,2,2,1
Shelmet,40,1,1,1,1,1,0.5,2,2,1,0.5,0.5,1,1,1,1,2,1,1
Accelgor,70,1,1,1,1,1,0.5,2,2,1,0.5,0.5,1,1,1,1,2,1,1
Stunfisk,66,1,1,1,0,1,1,1,0.5,1,2,2,2,1,0.5,1,0.5,0.5,2
Mienfoo,85,0.5,0.5,1,1,2,1,1,2,1,1,1,1,1,1,2,0.5,1,1
Mienshao,125,0.5,0.5,1,1,2,1,1,2,1,1,1,1,1,1,2,0.5,1,1
Druddigon,120,1,1,2,0.5,2,1,0.5,1,1,0.5,1,2,1,1,1,1,1,0.5
Golett,74,0.5,2,1,0,1,0,1,1,2,2,1,2,0,0.25,1,0.5,1,2
Golurk,124,0.5,2,1,0,1,0,1,1,2,2,1,2,0,0.25,1,0.5,1,2
Pawniard,85,1,0.5,0.5,1,1,4,2,0.5,0.5,0.5,2,0.5,0.5,0,0,0.5,0.5,1
Bisharp,125,1,0.5,0.5,1,1,4,2,0.5,0.5,0.5,2,0.5,0.5,0,0,0.5,0.5,1
Bouffalant,110,1,1,1,1,1,2,1,1,0,1,1,1,1,1,1,1,1,1
Rufflet,83,0.5,1,1,2,1,1,1,1,0,0.5,0,2,1,1,1,2,1,1
Braviary,123,0.5,1,1,2,1,1,1,1,0,0.5,0,2,1,1,1,2,1,1
Vullaby,55,1,0.5,1,2,2,1,1,1,0.5,0.5,0,2,1,1,0,2,1,1
Mandibuzz,65,1,0.5,1,2,2,1,1,1,0.5,0.5,0,2,1,1,0,2,1,1
Heatmor,97,0.5,1,1,1,0.5,1,0.5,1,1,0.5,2,0.5,1,1,1,2,0.5,2
Durant,109,0.5,1,0.5,1,0.5,1,4,1,1,0.25,1,0.5,0.5,0,0.5,1,0.5,1
Deino,65,2,0.5,2,0.5,4,2,0.5,1,0.5,0.5,1,2,1,1,0,1,1,0.5
Zweilous,85,2,0.5,2,0.5,4,2,0.5,1,0.5,0.5,1,2,1,1,0,1,1,0.5
Hydreigon,105,2,0.5,2,0.5,4,2,0.5,1,0.5,0.5,1,2,1,1,0,1,1,0.5
Larvesta,85,0.5,1,1,1,0.5,0.5,1,2,1,0.25,1,0.5,1,1,1,4,0.5,2
Volcarona,60,0.5,1,1,1,0.5,0.5,1,2,1,0.25,1,0.5,1,1,1,4,0.5,2
Cobalion,90,0.25,0.5,0.5,1,1,2,2,1,1,0.5,2,0.5,0.5,0,1,0.25,0.5,1
Terrakion,129,0.5,0.5,1,1,2,2,0.5,1,1,2,2,1,0.5,0.5,2,0.5,2,2
Virizion,90,1,0.5,1,0.5,2,1,2,4,1,0.5,0.5,2,1,2,2,0.5,1,0.5
Tornadus,100,0.5,1,1,2,1,0.5,1,1,1,0.5,0,2,1,1,1,2,1,1
Thundurus,105,0.5,1,1,1,1,0.5,1,0.5,1,0.5,0,2,1,1,1,2,0.5,1
Reshiram,120,0.5,1,2,0.5,1,1,0.25,1,1,0.25,2,1,1,1,1,2,0.5,1
Zekrom,150,1,1,2,0.25,2,1,0.5,0.5,1,0.5,2,2,1,1,1,1,0.5,0.5
Landorus,145,0.5,1,1,0,1,0.5,1,1,1,1,0,4,1,0.5,1,1,1,2
Kyurem,120,1,1,2,0.5,2,2,1,1,1,0.5,1,1,1,1,1,2,2,0.5
Keldeo,72,0.5,0.5,1,2,2,1,0.5,2,1,2,1,0.5,1,1,2,0.5,0.5,0.5
Meloetta,128,2,2,1,1,1,1,1,1,0,1,1,1,1,1,0.5,1,1,1
Genesect,120,0.5,1,0.5,1,0.5,1,4,1,1,0.25,1,0.5,0.5,0,0.5,1,0.5,1
Chespin,61,2,1,1,0.5,1,1,2,2,1,0.5,0.5,2,1,2,1,1,1,0.5
Quilladin,78,2,1,1,0.5,1,1,2,2,1,0.5,0.5,2,1,2,1,1,1,0.5
Chesnaught,107,1,0.5,1,0.5,2,1,2,4,1,0.5,0.5,2,1,2,2,0.5,1,0.5
Fennekin,45,0.5,1,1,1,0.5,1,0.5,1,1,0.5,2,0.5,1,1,1,2,0.5,2
Braixen,59,0.5,1,1,1,0.5,1,0.5,1,1,0.5,2,0.5,1,1,1,2,0.5,2
Delphox,69,1,2,1,1,0.5,0.5,0.5,1,2,0.5,2,0.5,1,1,0.5,2,0.5,2
Froakie,56,1,1,1,2,1,1,0.5,1,1,2,1,0.5,1,1,1,1,0.5,0.5
Frogadier,63,1,1,1,2,1,1,0.5,1,1,2,1,0.5,1,1,1,1,0.5,0.5
Greninja,145,2,0.5,1,2,2,2,0.5,1,0.5,2,1,0.5,1,1,0,1,0.5,0.5
Bunnelby,36,1,1,1,1,1,2,1,1,0,1,1,1,1,1,1,1,1,1
Diggersby,56,1,1,1,0,1,2,1,1,0,2,1,2,1,0.5,1,0.5,1,2
Fletchling,50,0.5,1,1,2,1,1,1,1,0,0.5,0,2,1,1,1,2,1,1
Fletchinder,73,0.25,1,1,2,0.5,0.5,0.5,1,1,0.25,0,1,1,1,1,4,0.5,2
Talonflame,81,0.25,1,1,2,0.5,0.5,0.5,1,1,0.25,0,1,1,1,1,4,0.5,2
Scatterbug,35,1,1,1,1,1,0.5,2,2,1,0.5,0.5,1,1,1,1,2,1,1
Spewpa,22,1,1,1,1,1,0.5,2,2,1,0.5,0.5,1,1,1,1,2,1,1
Vivillon,52,0.5,1,1,2,1,0.25,2,2,1,0.25,0,2,1,1,1,4,1,1
Litleo,50,0.5,1,1,1,0.5,2,0.5,1,0,0.5,2,0.5,1,1,1,2,0.5,2
Pyroar,68,0.5,1,1,1,0.5,2,0.5,1,0,0.5,2,0.5,1,1,1,2,0.5,2
Flabébé,38,0.5,0.5,0,1,1,0.5,1,1,1,1,1,1,1,2,1,1,2,1
Floette,65,0.5,0.5,0,1,1,0.5,1,1,1,1,1,1,1,2,1,1,2,1
Florges,65,0.5,0.5,0,1,1,0.5,1,1,1,1,1,1,1,2,1,1,2,1
Skiddo,65,2,1,1,0.5,1,1,2,2,1,0.5,0.5,2,1,2,1,1,1,0.5
Gogoat,100,2,1,1,0.5,1,1,2,2,1,0.5,0.5,2,1,2,1,1,1,0.5
Pancham,82,0.5,0.5,1,1,2,1,1,2,1,1,1,1,1,1,2,0.5,1,1
Pangoro,124,1,0.25,1,1,4,2,1,2,0.5,1,1,1,1,1,0,0.5,1,1
Furfrou,80,1,1,1,1,1,2,1,1,0,1,1,1,1,1,1,1,1,1
Espurr,48,2,2,1,1,1,0.5,1,1,2,1,1,1,1,1,0.5,1,1,1
Meowstic,48,2,2,1,1,1,0.5,1,1,2,1,1,1,1,1,0.5,1,1,1
Honedge,80,0.25,2,0.5,1,0.5,0,2,0.5,2,0.5,2,0.5,0,0,0.5,0.5,0.5,1
Doublade,110,0.25,2,0.5,1,0.5,0,2,0.5,2,0.5,2,0.5,0,0,0.5,0.5,0.5,1
Aegislash,150,0.25,2,0.5,1,0.5,0,2,0.5,2,0.5,2,0.5,0,0,0.5,0.5,0.5,1
Spritzee,52,0.5,0.5,0,1,1,0.5,1,1,1,1,1,1,1,2,1,1,2,1
Aromatisse,72,0.5,0.5,0,1,1,0.5,1,1,1,1,1,1,1,2,1,1,2,1
Swirlix,48,0.5,0.5,0,1,1,0.5,1,1,1,1,1,1,1,2,1,1,2,1
Slurpuff,80,0.5,0.5,0,1,1,0.5,1,1,1,1,1,1,1,2,1,1,2,1
Inkay,54,4,1,1,1,2,1,1,1,1,1,1,1,1,1,0,1,1,1
Malamar,92,4,1,1,1,2,1,1,1,1,1,1,1,1,1,0,1,1,1
Binacle,52,1,1,1,2,1,2,0.25,0.5,1,4,2,0.5,0.5,0.5,1,1,1,1
Barbaracle,105,1,1,1,2,1,2,0.25,0.5,1,4,2,0.5,0.5,0.5,1,1,1,1
Skrelp,60,0.5,1,1,2,0.5,0.5,0.5,1,1,1,2,0.5,1,0.5,2,1,0.5,0.5
Dragalge,75,0.5,1,2,0.5,1,0.5,0.5,1,1,0.25,2,2,1,0.5,2,1,1,0.5
Clauncher,53,1,1,1,2,1,1,0.5,1,1,2,1,0.5,1,1,1,1,0.5,0.5
Clawitzer,73,1,1,1,2,1,1,0.5,1,1,2,1,0.5,1,1,1,1,0.5,0.5
Helioptile,38,1,1,1,0.5,1,2,1,0.5,0,1,2,1,1,1,1,1,0.5,1
Heliolisk,55,1,1,1,0.5,1,2,1,0.5,0,1,2,1,1,1,1,1,0.5,1
Tyrunt,89,1,1,2,0.5,2,2,0.25,0.5,1,1,2,2,0.5,0.5,1,1,2,1
Tyrantrum,121,1,1,2,0.5,2,2,0.25,0.5,1,1,2,2,0.5,0.5,1,1,2,1
Amaura,59,1,1,1,1,1,4,1,0.5,1,2,2,0.5,0.5,0.5,1,2,4,2
Aurorus,77,1,1,1,1,1,4,1,0.5,1,2,2,0.5,0.5,0.5,1,2,4,2
Sylveon,65,0.5,0.5,0,1,1,0.5,1,1,1,1,1,1,1,2,1,1,2,1
Hawlucha,92,0.25,0.5,1,2,2,0.5,1,2,1,0.5,0,2,1,1,2,1,1,1
Dedenne,58,0.5,0.5,0,0.5,1,0.5,1,0.5,1,1,2,1,1,2,1,1,1,1
Carbink,50,0.5,0.5,0,1,1,1,0.5,0.5,1,2,2,1,0.5,1,1,1,4,2
Goomy,50,1,1,2,0.5,2,1,0.5,1,1,0.5,1,2,1,1,1,1,1,0.5
Sliggoo,75,1,1,2,0.5,2,1,0.5,1,1,0.5,1,2,1,1,1,1,1,0.5
Goodra,100,1,1,2,0.5,2,1,0.5,1,1,0.5,1,2,1,1,1,1,1,0.5
Klefki,80,0.25,0.5,0,1,0.5,1,2,0.5,1,0.5,2,0.5,0.5,0,0.5,0.5,1,1
Phantump,70,1,2,1,0.5,1,0,2,2,2,0.5,0.5,2,0,1,1,1,1,0.5
Trevenant,110,1,2,1,0.5,1,0,2,2,2,0.5,0.5,2,0,1,1,1,1,0.5
Pumpkaboo,66,1,2,1,0.5,1,0,2,2,2,0.5,0.5,2,0,1,1,1,1,0.5
Gourgeist,100,1,2,1,0.5,1,0,2,2,2,0.5,0.5,2,0,1,1,1,1,0.5
Bergmite,69,1,1,1,1,1,2,2,1,1,1,1,0.5,1,1,1,2,2,1
Avalugg,117,1,1,1,1,1,2,2,1,1,1,1,0.5,1,1,1,2,2,1
Noibat,30,0.5,1,2,1,2,0.5,0.5,1,1,0.25,0,4,1,1,1,2,1,0.5
Noivern,70,0.5,1,2,1,2,0.5,0.5,1,1,0.25,0,4,1,1,1,2,1,0.5
Xerneas,131,0.5,0.5,0,1,1,0.5,1,1,1,1,1,1,1,2,1,1,2,1
Yveltal,131,1,0.5,1,2,2,1,1,1,0.5,0.5,0,2,1,1,0,2,1,1
Zygarde,100,1,1,2,0,2,1,0.5,1,1,1,1,4,1,0.5,1,0.5,1,1
Diancie,160,0.5,0.5,0,1,1,1,0.5,0.5,1,2,2,1,0.5,1,1,1,4,2
Hoopa,160,1,4,1,1,1,0,1,1,4,1,1,1,0,0.5,0.5,1,1,1
Volcanion,110,0.5,1,1,2,0.5,1,0.25,1,1,1,2,0.25,1,1,1,2,0.25,1
Rowlet,55,1,1,1,1,1,0.5,2,2,1,0.25,0,4,1,2,1,2,1,0.5
Dartrix,75,1,1,1,1,1,0.5,2,2,1,0.25,0,4,1,2,1,2,1,0.5
Decidueye,107,1,2,1,0.5,1,0,2,2,2,0.5,0.5,2,0,1,1,1,1,0.5
Litten,65,0.5,1,1,1,0.5,1,0.5,1,1,0.5,2,0.5,1,1,1,2,0.5,2
Torracat,85,0.5,1,1,1,0.5,1,0.5,1,1,0.5,2,0.5,1,1,1,2,0.5,2
Incineroar,115,1,0.5,1,1,1,2,0.5,1,0.5,0.5,2,0.5,1,1,0,2,0.5,2
Popplio,54,1,1,1,2,1,1,0.5,1,1,2,1,0.5,1,1,1,1,0.5,0.5
Brionne,69,1,1,1,2,1,1,0.5,1,1,2,1,0.5,1,1,1,1,0.5,0.5
Primarina,74,0.5,0.5,0,2,1,0.5,0.5,1,1,2,1,0.5,1,2,1,1,1,0.5
Pikipek,75,0.5,1,1,2,1,1,1,1,0,0.5,0,2,1,1,1,2,1,1
Trumbeak,85,0.5,1,1,2,1,1,1,1,0,0.5,0,2,1,1,1,2,1,1
Toucannon,120,0.5,1,1,2,1,1,1,1,0,0.5,0,2,1,1,1,2,1,1
Yungoos,70,1,1,1,1,1,2,1,1,0,1,1,1,1,1,1,1,1,1
Gumshoos,110,1,1,1,1,1,2,1,1,0,1,1,1,1,1,1,1,1,1
Grubbin,62,1,1,1,1,1,0.5,2,2,1,0.5,0.5,1,1,1,1,2,1,1
Charjabug,82,1,1,1,0.5,1,0.5,2,1,1,0.5,1,1,1,1,1,2,0.5,1
Vikavolt,70,1,1,1,0.5,1,0.5,2,1,1,0.5,1,1,1,1,1,2,0.5,1
Crabrawler,82,0.5,0.5,1,1,2,1,1,2,1,1,1,1,1,1,2,0.5,1,1
Crabominable,132,0.5,0.5,1,1,2,2,2,2,1,1,1,0.5,1,1,2,1,2,1
Oricorio,70,0.25,1,1,2,0.5,0.5,0.5,1,1,0.25,0,1,1,1,1,4,0.5,2
Cutiefly,45,0.5,0.5,0,1,1,0.25,2,2,1,0.5,0.5,1,1,2,1,2,2,1
Ribombee,55,0.5,0.5,0,1,1,0.25,2,2,1,0.5,0.5,1,1,2,1,2,2,1
Rockruff,65,1,1,1,1,1,2,0.5,0.5,1,2,2,1,0.5,0.5,1,1,2,2
Lycanroc,115,1,1,1,1,1,2,0.5,0.5,1,2,2,1,0.5,0.5,1,1,2,2
Wishiwashi,140,1,1,1,2,1,1,0.5,1,1,2,1,0.5,1,1,1,1,0.5,0.5
Mareanie,53,0.5,1,1,2,0.5,0.5,0.5,1,1,1,2,0.5,1,0.5,2,1,0.5,0.5
Toxapex,63,0.5,1,1,2,0.5,0.5,0.5,1,1,1,2,0.5,1,0.5,2,1,0.5,0.5
Mudbray,100,1,1,1,0,1,1,1,1,1,2,1,2,1,0.5,1,0.5,1,2
Mudsdale,125,1,1,1,0,1,1,1,1,1,2,1,2,1,0.5,1,0.5,1,2
Dewpider,40,1,1,1,2,1,0.5,1,2,1,1,0.5,0.5,1,1,1,2,0.5,0.5
Araquanid,70,1,1,1,2,1,0.5,1,2,1,1,0.5,0.5,1,1,1,2,0.5,0.5
Fomantis,55,2,1,1,0.5,1,1,2,2,1,0.5,0.5,2,1,2,1,1,1,0.5
Lurantis,105,2,1,1,0.5,1,1,2,2,1,0.5,0.5,2,1,2,1,1,1,0.5
Morelull,35,1,0.5,0,0.5,1,0.5,2,2,1,0.5,0.5,2,1,4,1,1,2,0.5
Shiinotic,45,1,0.5,0,0.5,1,0.5,2,2,1,0.5,0.5,2,1,4,1,1,2,0.5
Salandit,44,0.25,1,1,1,0.25,0.5,0.5,1,1,0.25,4,0.5,1,0.5,2,2,0.5,2
Salazzle,64,0.25,1,1,1,0.25,0.5,0.5,1,1,0.25,4,0.5,1,0.5,2,2,0.5,2
Stufful,75,0.5,0.5,1,1,2,2,1,2,0,1,1,1,1,1,2,0.5,1,1
Bewear,125,0.5,0.5,1,1,2,2,1,2,0,1,1,1,1,1,2,0.5,1,1
Bounsweet,30,2,1,1,0.5,1,1,2,2,1,0.5,0.5,2,1,2,1,1,1,0.5
Steenee,40,2,1,1,0.5,1,1,2,2,1,0.5,0.5,2,1,2,1,1,1,0.5
Tsareena,120,2,1,1,0.5,1,1,2,2,1,0.5,0.5,2,1,2,1,1,1,0.5
Comfey,52,0.5,0.5,0,1,1,0.5,1,1,1,1,1,1,1,2,1,1,2,1
Oranguru,60,2,2,1,1,1,1,1,1,0,1,1,1,1,1,0.5,1,1,1
Passimian,120,0.5,0.5,1,1,2,1,1,2,1,1,1,1,1,1,2,0.5,1,1
Wimpod,35,1,1,1,2,1,0.5,1,2,1,1,0.5,0.5,1,1,1,2,0.5,0.5
Golisopod,125,1,1,1,2,1,0.5,1,2,1,1,0.5,0.5,1,1,1,2,0.5,0.5
Sandygast,55,0.5,2,1,0,1,0,1,1,2,2,1,2,0,0.25,1,0.5,1,2
Palossand,75,0.5,2,1,0,1,0,1,1,2,2,1,2,0,0.25,1,0.5,1,2
Pyukumuku,60,1,1,1,2,1,1,0.5,1,1,2,1,0.5,1,1,1,1,0.5,0.5
Type: Null,95,1,1,1,1,1,2,1,1,0,1,1,1,1,1,1,1,1,1
Silvally,95,1,1,1,1,1,2,1,1,0,1,1,1,1,1,1,1,1,1
Minior,100,0.5,1,1,2,1,1,0.5,0.5,1,1,0,2,0.5,0.5,1,2,2,2
Komala,115,1,1,1,1,1,2,1,1,0,1,1,1,1,1,1,1,1,1
Turtonator,78,0.5,1,2,0.5,1,1,0.25,1,1,0.25,2,1,1,1,1,2,0.5,1
Togedemaru,98,0.5,1,0.5,0.5,0.5,2,2,0.25,1,0.5,4,0.5,0.5,0,0.5,0.5,0.25,1
Mimikyu,90,0.25,1,0,1,1,0,1,1,2,1,1,1,0,1,1,1,2,1
Bruxish,105,2,2,1,2,1,0.5,0.5,1,2,2,1,0.5,1,1,0.5,1,0.5,0.5
Drampa,60,1,1,2,0.5,2,2,0.5,1,0,0.5,1,2,1,1,1,1,1,0.5
Dhelmise,131,1,2,1,0.5,1,0,2,2,2,0.5,0.5,2,0,1,1,1,1,0.5
Jangmo-o,55,1,1,2,0.5,2,1,0.5,1,1,0.5,1,2,1,1,1,1,1,0.5
Hakamo-o,75,0.5,0.5,2,0.5,4,1,0.5,2,1,0.5,1,2,1,1,2,0.5,1,0.5
Kommo-o,110,0.5,0.5,2,0.5,4,1,0.5,2,1,0.5,1,2,1,1,2,0.5,1,0.5
Tapu Koko,115,0.5,0.5,0,0.5,1,0.5,1,0.5,1,1,2,1,1,2,1,1,1,1
Tapu Lele,85,1,1,0,1,1,0.25,1,1,2,1,1,1,1,2,0.5,1,2,1
Tapu Bulu,130,1,0.5,0,0.5,1,0.5,2,2,1,0.5,0.5,2,1,4,1,1,2,0.5
Tapu Fini,75,0.5,0.5,0,2,1,0.5,0.5,1,1,2,1,0.5,1,2,1,1,1,0.5
Cosmog,29,2,2,1,1,1,0.5,1,1,2,1,1,1,1,1,0.5,1,1,1
Cosmoem,29,2,2,1,1,1,0.5,1,1,2,1,1,1,1,1,0.5,1,1,1
Solgaleo,137,1,2,0.5,1,0.5,1,2,0.5,2,0.5,2,0.5,0.5,0,0.25,0.5,0.5,1
Lunala,113,1,4,1,1,1,0,1,1,4,1,1,1,0,0.5,0.5,1,1,1
Nihilego,53,0.5,1,1,1,0.5,1,0.5,0.5,1,1,4,1,0.5,0.25,2,1,2,2
Buzzwole,139,0.5,0.5,1,1,2,0.5,2,4,1,0.5,0.5,1,1,1,2,1,1,1
Pheromosa,137,0.5,0.5,1,1,2,0.5,2,4,1,0.5,0.5,1,1,1,2,1,1,1
Xurkitree,89,1,1,1,0.5,1,1,1,0.5,1,1,2,1,1,1,1,1,0.5,1
Celesteela,101,0.25,1,0.5,2,0.5,1,2,0.5,1,0.25,0,1,0.5,0,0.5,1,0.5,1
Kartana,181,1,1,0.5,0.5,0.5,2,4,1,1,0.25,1,1,0.5,0,0.5,0.5,0.5,0.5
Guzzlord,101,2,0.5,2,0.5,4,2,0.5,1,0.5,0.5,1,2,1,1,0,1,1,0.5
Necrozma,107,2,2,1,1,1,0.5,1,1,2,1,1,1,1,1,0.5,1,1,1
Magearna,95,0.25,0.5,0,1,0.5,1,2,0.5,1,0.5,2,0.5,0.5,0,0.5,0.5,1,1
